index,name,nameEng,il,ilEng
1,Стамбул,stambul,Стамбул,stambul
2,Анкара,ankara,Анкара,ankara
3,Измир,izmir,Измир,izmir
4,Бурса,bursa,Бурса,bursa
5,Адана,adana,Адана,adana
6,Газиантеп,gaziantep,Газиантеп,gaziantep
7,Конья,konya,Конья,konya
8,Анталья,antalya,Анталья,antalya
9,Кайсери,kajseri,Кайсери,kajseri
10,Мерсин,mersin,Мерсин,mersin
11,Эскишехир,eskishekhir,Эскишехир,eskishekhir
12,Диярбакыр,diyarbakyr,Диярбакыр,diyarbakyr
13,Денизли,denizli,Денизли,denizli
14,Шанлыурфа,shanlyurfa,Шанлыурфа,shanlyurfa
15,Самсун,samsun,Самсун,samsun
16,Эсеньюрт,esenyurt,Стамбул,stambul
17,Малатья,malatya,Малатья,malatya
18,Адапазары,adapazary,Сакарья,sakarya
19,Кахраманмараш,kahramanmarash,Кахраманмараш,kahramanmarash
20,Эрзурум,erzurum,Эрзурум,erzurum
21,Ван,van,Ван,van
22,Элязыг,elyazyg,Элязыг,elyazyg
23,Батман,batman,Батман,batman
24,Султанбейли,sultanbejli,Стамбул,stambul
25,Измит,izmit,Коджаэли,kodzhaeli
26,Сивас,sivas,Сивас,sivas
27,Гебзе,gebze,Коджаэли,kodzhaeli
28,Маниса,manisa,Маниса,manisa
29,Балыкесир,balykesir,Балыкесир,balykesir
30,Санджактепе,sandzhaktepe,Стамбул,stambul
31,Тарсус,tarsus,Мерсин,mersin
32,Трабзон,trabzon,Трабзон,trabzon
33,Чорум,chorum,Чорум,chorum
34,Чорлу,chorlu,Текирдаг,tekirdag
35,Каяпынар,kayapynar,Диярбакыр,diyarbakyr
36,Османие,osmanie,Османие,osmanie
37,Адыяман,adyyaman,Адыяман,adyyaman
38,Кютахья,kyutahya,Кютахья,kyutahya
39,Кырыккале,kyrykkale,Кырыккале,kyrykkale
40,Антакья,antakya,Хатай,hataj
41,Бейликдюзю,bejlikdyuzyu,Стамбул,stambul
42,Бююкчекмедже,byuyukchekmedzhe,Стамбул,stambul
43,Искендерун,iskenderun,Хатай,hataj
44,Айдын,ajdyn,Айдын,ajdyn
45,Ушак,ushak,Ушак,ushak
46,Арнавуткёй,arnavutkyoj,Стамбул,stambul
47,Аксарай,aksaraj,Аксарай,aksaraj
48,Ыспарта,ysparta,Ыспарта,ysparta
49,Афьонкарахисар,afonkarahisar,Афьонкарахисар,afonkarahisar
50,Инегёль,inegyol,Бурса,bursa
51,Чекмекёй,chekmekyoj,Стамбул,stambul
52,Текирдаг,tekirdag,Текирдаг,tekirdag
53,Эдирне,edirne,Эдирне,edirne
54,Дарыджа,darydzha,Коджаэли,kodzhaeli
55,Гёльджюк,gyoldzhyuk,Коджаэли,kodzhaeli
56,Караман,karaman,Караман,karaman
57,Кёрфез,kyorfez,Коджаэли,kodzhaeli
58,Орду,ordu,Орду,ordu
59,Сиирт,siirt,Сиирт,siirt
60,Кызылтепе,kyzyltepe,Мардин,mardin
61,Дериндже,derindzhe,Коджаэли,kodzhaeli
62,Мезитли,mezitli,Мерсин,mersin
63,Дюздже,dyuzdzhe,Дюздже,dyuzdzhe
64,Токат,tokat,Токат,tokat
65,Болу,bolu,Болу,bolu
66,Менемен,menemen,Измир,izmir
67,Тургутлу,turgutlu,Маниса,manisa
68,Силиври,silivri,Стамбул,stambul
69,Торбалы,torbaly,Измир,izmir
70,Бандырма,bandyrma,Балыкесир,balykesir
71,Назилли,nazilli,Айдын,ajdyn
72,Зонгулдак,zonguldak,Зонгулдак,zonguldak
73,Карабюк,karabyuk,Карабюк,karabyuk
74,Сиверек,siverek,Шанлыурфа,shanlyurfa
75,Кыршехир,kyrshekhir,Кыршехир,kyrshekhir
76,Акхисар,akkhisar,Маниса,manisa
77,Пурсаклар,pursaklar,Анкара,ankara
78,Люлебургаз,lyuleburgaz,Кыркларели,kyrklareli
79,Нигде,nigde,Нигде,nigde
80,Джейхан,dzhejhan,Адана,adana
81,Эрегли,eregli,Зонгулдак,zonguldak
82,Джизре,dzhizre,Ширнак,shirnak
83,Салихли,salihli,Маниса,manisa
84,Чанаккале,chanakkale,Чанаккале,chanakkale
85,Ялова,yalova,Ялова,yalova
86,Низип,nizip,Газиантеп,gaziantep
87,Аланья,alanya,Анталья,antalya
88,Эрегли,eregli,Конья,konya
89,Гиресун,giresun,Гиресун,giresun
90,Гемлик,gemlik,Бурса,bursa
91,Ризе,rize,Ризе,rize
92,Полатлы,polatly,Анкара,ankara
93,Агры,agry,Агры,agry
94,Бингёль,bingyol,Бингёль,bingyol
95,Картепе,kartepe,Коджаэли,kodzhaeli
96,Эрзинджан,erzindzhan,Эрзинджан,erzindzhan
97,Невшехир,nevshekhir,Невшехир,nevshekhir
98,Кастамону,kastamonu,Кастамону,kastamonu
99,Талас,talas,Кайсери,kajseri
100,Нусайбин,nusajbin,Мардин,mardin
101,Чайырова,chajyrova,Коджаэли,kodzhaeli
102,Мардин,mardin,Мардин,mardin
103,Эльбистан,elbistan,Кахраманмараш,kahramanmarash
104,Бафра,bafra,Самсун,samsun
105,Килис,kilis,Килис,kilis
106,Амасья,amasya,Амасья,amasya
107,Манавгат,manavgat,Анталья,antalya
108,Кадирли,kadirli,Османие,osmanie
109,Силопи,silopi,Ширнак,shirnak
110,Ыгдыр,ygdyr,Ыгдыр,ygdyr
111,Сома,soma,Маниса,manisa
112,Черкезкёй,cherkezkyoj,Текирдаг,tekirdag
113,Вираншехир,viranshekhir,Шанлыурфа,shanlyurfa
114,Карс,kars,Карс,kars
115,Чубук,chubuk,Анкара,ankara
116,Козан,kozan,Адана,adana
117,Кемальпаша,kemalpasha,Измир,izmir
118,Йодемиш,jodemish,Измир,izmir
119,Йозгат,jozgat,Йозгат,jozgat
120,Юнье,yune,Орду,ordu
121,Фетхие,fethie,Мугла,mugla
122,Эрджиш,erdzhish,Ван,van
123,Дёртйол,dyortjol,Хатай,hataj
124,Муш,mush,Муш,mush
125,Чанкыры,chankyry,Чанкыры,chankyry
126,Кырыкхан,kyrykkhan,Хатай,hataj
127,Сёке,syoke,Айдын,ajdyn
128,Ширнак,shirnak,Ширнак,shirnak
129,Хаккяри,hakkyari,Хаккяри,hakkyari
130,Кыркларели,kyrklareli,Кыркларели,kyrklareli
131,Башискеле,bashiskele,Коджаэли,kodzhaeli
132,Догубайазет,dogubajazet,Агры,agry
133,Кушадасы,kushadasy,Айдын,ajdyn
134,Эргани,ergani,Диярбакыр,diyarbakyr
135,Тавшанлы,tavshanly,Кютахья,kyutahya
136,Бурдур,burdur,Бурдур,burdur
137,Турхал,turhal,Токат,tokat
138,Юксекова,yuksekova,Хаккяри,hakkyari
139,Татван,tatvan,Битлис,bitlis
140,Рейханлы,rejhanly,Хатай,hataj
141,Мугла,mugla,Мугла,mugla
142,Кахта,kahta,Адыяман,adyyaman
143,Акшехир,akshekhir,Конья,konya
144,Бергама,bergama,Измир,izmir
145,Эрбаа,erbaa,Токат,tokat
146,Бозююк,bozyuyuk,Биледжик,biledzhik
147,Чаршамба,charshamba,Самсун,samsun
148,Мустафакемальпаша,mustafakemalpasha,Бурса,bursa
149,Патнос,patnos,Агры,agry
150,Орхангази,orhangazi,Бурса,bursa
151,Бисмил,bismil,Диярбакыр,diyarbakyr
152,Соргун,sorgun,Йозгат,jozgat
153,Кешан,keshan,Эдирне,edirne
154,Мендерес,menderes,Измир,izmir
155,Мидьят,midyat,Мардин,mardin
156,Гюрсу,gyursu,Бурса,bursa
157,Мерзифон,merzifon,Амасья,amasya
158,Капаклы,kapakly,Текирдаг,tekirdag
159,Миляс,milyas,Мугла,mugla
160,Карабеджей,karabedzhej,Бурса,bursa
161,Алиага,aliaga,Измир,izmir
162,Суруч,suruch,Шанлыурфа,shanlyurfa
163,Эдремит,edremit,Балыкесир,balykesir
164,Тирэ,tire,Измир,izmir
165,Муданья,mudanya,Бурса,bursa
166,Фатса,fatsa,Орду,ordu
167,Бартын,bartyn,Бартын,bartyn
168,Силифке,silifke,Мерсин,mersin
169,Алашехир,alashekhir,Маниса,manisa
170,Дидим,didim,Айдын,ajdyn
171,Серик,serik,Анталья,antalya
172,Биреджик,biredzhik,Шанлыурфа,shanlyurfa
173,Карамюрсель,karamyursel,Коджаэли,kodzhaeli
174,Каракёпрю,karakyopryu,Шанлыурфа,shanlyurfa
175,Самандаг,samandag,Хатай,hataj
176,Урла,urla,Измир,izmir
177,Эрдемли,erdemli,Мерсин,mersin
178,Джейланпынар,dzhejlanpynar,Шанлыурфа,shanlyurfa
179,Гёнен,gyonen,Балыкесир,balykesir
180,Диловасы,dilovasy,Коджаэли,kodzhaeli
181,Элмадаг,elmadag,Анкара,ankara
182,Хендек,hendek,Сакарья,sakarya
183,Дюзиджи,dyuzidzhi,Османие,osmanie
184,Акязы,akyazy,Сакарья,sakarya
185,Узункёпрю,uzunkyopryu,Эдирне,edirne
188,Битлис,bitlis,Битлис,bitlis
189,Бига,biga,Чанаккале,chanakkale
190,Сейдишехир,sejdishekhir,Конья,konya
191,Казан,kazan,Анкара,ankara
192,Сильван,silvan,Диярбакыр,diyarbakyr
193,Афшин,afshin,Кахраманмараш,kahramanmarash
194,Бурханийе,burhanije,Балыкесир,balykesir
195,Кестель,kestel,Бурса,bursa
196,Сулуова,suluova,Амасья,amasya
197,Теккекёй,tekkekyoj,Самсун,samsun
198,Буджак,budzhak,Бурдур,burdur
199,Синоп,sinop,Синоп,sinop
200,Девели,develi,Кайсери,kajseri
201,Буланджак,bulandzhak,Гиресун,giresun
202,Бор (Турция),bor (turciya),Нигде,nigde
203,Сафранболу,safranbolu,Карабюк,karabyuk
204,Акчаабат,akchaabat,Трабзон,trabzon
205,Чаталджа,chataldzha,Стамбул,stambul
206,Айвалык,ajvalyk,Балыкесир,balykesir
207,Мармарис,marmaris,Мугла,mugla
208,Пайяс,pajyas,Хатай,hataj
209,Сунгурлу,sungurlu,Чорум,chorum
210,Бейпазары,bejpazary,Анкара,ankara
211,Зиле,zile,Токат,tokat
212,Биледжик,biledzhik,Биледжик,biledzhik
213,Козлу,kozlu,Зонгулдак,zonguldak
214,Сандыклы,sandykly,Афьонкарахисар,afonkarahisar
215,Бодрум,bodrum,Мугла,mugla
216,Сапанджа,sapandzha,Сакарья,sakarya
217,Анамур,anamur,Мерсин,mersin
218,Байбурт,bajburt,Байбурт,bajburt
219,Карапынар,karapynar,Конья,konya
220,Никсар,niksar,Токат,tokat
221,Терме,terme,Самсун,samsun
222,Ылгын,ylgyn,Конья,konya
223,Ыслахийе,yslahije,Газиантеп,gaziantep
224,Бейшехир,bejshekhir,Конья,konya
225,Эрзинь,erzin,Хатай,hataj
226,Болвадин,bolvadin,Афьонкарахисар,afonkarahisar
227,Тунджели,tundzheli,Тунджели,tundzheli
228,Енишехир,enishekhir,Бурса,bursa
229,Еркёй,erkyoj,Йозгат,jozgat
230,Чумра,chumra,Конья,konya
231,Карасу,karasu,Сакарья,sakarya
232,Бабаэски,babaeski,Кыркларели,kyrklareli
233,Малкара,malkara,Текирдаг,tekirdag
234,Чан,chan,Чанаккале,chanakkale
235,Кумлуджа,kumludzha,Анталья,antalya
236,Курталан,kurtalan,Сиирт,siirt
237,Ортаджа,ortadzha,Мугла,mugla
238,Шерефликочхисар,shereflikochkhisar,Анкара,ankara
239,Сельчук,selchuk,Измир,izmir
240,Пазарджик,pazardzhik,Кахраманмараш,kahramanmarash
241,Мут,mut,Мерсин,mersin
242,Гёльбаши,gyolbashi,Адыяман,adyyaman
243,Тосья,tosya,Кастамону,kastamonu
244,Акьюрт,akyurt,Анкара,ankara
245,Везиркёпрю,vezirkyopryu,Самсун,samsun
246,Боябат,boyabat,Синоп,sinop
247,Османджик,osmandzhik,Чорум,chorum
248,Бесни,besni,Адыяман,adyyaman
249,Сарыкамыш,sarykamysh,Карс,kars
250,Сеферихисар,seferihisar,Измир,izmir
251,Симав,simav,Кютахья,kyutahya
252,Динар,dinar,Афьонкарахисар,afonkarahisar
253,Гюмюшхане,gyumyushkhane,Гюмюшхане,gyumyushkhane
254,Сусурлук,susurluk,Балыкесир,balykesir
255,Акчакале,akchakale,Шанлыурфа,shanlyurfa
256,Фоча,focha,Измир,izmir
257,Килимли,kilimli,Зонгулдак,zonguldak
258,Харбийе,harbije,Хатай,hataj
259,Идиль,idil,Ширнак,shirnak
260,Ардешен,ardeshen,Ризе,rize
261,Даламан,dalaman,Мугла,mugla
262,Гелиболу,gelibolu,Чанаккале,chanakkale
263,Эрдек,erdek,Балыкесир,balykesir
264,Газипаша,gazipasha,Анталья,antalya
265,Акчакоджа,akchakodzha,Дюздже,dyuzdzhe
266,Артвин,artvin,Артвин,artvin
267,Чайджума,chajdzhuma,Зонгулдак,zonguldak
268,Чешме,cheshme,Измир,izmir
269,Кемер,kemer,Анталья,antalya
270,Белен,belen,Хатай,hataj
271,Сарай,saraj,Текирдаг,tekirdag
272,Изник,iznik,Бурса,bursa
273,Аладжа,aladzha,Чорум,chorum
274,Гереде,gerede,Болу,bolu
275,Деврек,devrek,Зонгулдак,zonguldak
276,Акдагмадени,akdagmadeni,Йозгат,jozgat
277,Каман,kaman,Кыршехир,kyrshekhir
278,Байындыр,bajyndyr,Измир,izmir
279,Сериньол,serinol,Хатай,hataj
280,Козлук,kozluk,Батман,batman
281,Буланык,bulanyk,Муш,mush
282,Сарыкая,sarykaya,Йозгат,jozgat
283,Кулу,kulu,Конья,konya
284,Шаркышла,sharkyshla,Сивас,sivas
285,Коркутели,korkuteli,Анталья,antalya
286,Олту,oltu,Эрзурум,erzurum
287,Гейве,gejve,Сакарья,sakarya
288,Имамоглу,imamoglu,Адана,adana
289,Чине,chine,Айдын,ajdyn
290,Чивриль,chivril,Денизли,denizli
291,Гёксун,gyoksun,Кахраманмараш,kahramanmarash
292,Дерик,derik,Мардин,mardin
293,Хильван,hilvan,Шанлыурфа,shanlyurfa
294,Чаели,chaeli,Ризе,rize
295,Искилип,iskilip,Чорум,chorum
296,Хавза,havza,Самсун,samsun
297,Яхьялы,yahyaly,Кайсери,kajseri
298,Хайраболу,hajrabolu,Текирдаг,tekirdag
299,Инджирлиова,indzhirliova,Айдын,ajdyn
300,Кованджилар,kovandzhilar,Элязыг,elyazyg
301,Гюроймак,gyurojmak,Битлис,bitlis
302,Муратлы,muratly,Текирдаг,tekirdag
303,Малазгирт,malazgirt,Муш,mush
304,Диядин,diyadin,Агры,agry
305,Эмирдаг,emirdag,Афьонкарахисар,afonkarahisar
306,Алаплы,alaply,Зонгулдак,zonguldak
307,Бостаниджи,bostanidzhi,Ван,van
308,Гедиз,gediz,Кютахья,kyutahya
309,Сарайкёй,sarajkyoj,Денизли,denizli
310,Ялвач,yalvach,Ыспарта,ysparta
311,Махмутлар,mahmutlar,Анталья,antalya
312,Демирджи,demirdzhi,Маниса,manisa
313,Ортакёй,ortakyoj,Аксарай,aksaraj
314,Тургутрейс,turgutrejs,Мугла,mugla
315,Караагач,karaagach,Хатай,hataj
316,Ятаган,yatagan,Мугла,mugla
317,Нурдагы,nurdagy,Газиантеп,gaziantep
318,Чифтликкёй,chiftlikkyoj,Ялова,yalova
319,Батталгази,battalgazi,Малатья,malatya
320,Инджесу,indzhesu,Кайсери,kajseri
321,Чермик,chermik,Диярбакыр,diyarbakyr
322,Даргечит,dargechit,Мардин,mardin
323,Генч,gench,Бингёль,bingyol
324,Дурсунбей,dursunbej,Балыкесир,balykesir
325,Хорасан,horasan,Эрзурум,erzurum
326,Гюмюшхаджикёй,gyumyushkhadzhikyoj,Амасья,amasya
327,Кызылджахамам,kyzyldzhahamam,Анкара,ankara
328,Памукова,pamukova,Сакарья,sakarya
329,Эгирдир,egirdir,Ыспарта,ysparta
330,Шаркёй,sharkyoj,Текирдаг,tekirdag
331,Богазлыян,bogazlyyan,Йозгат,jozgat
332,Хопа,hopa,Артвин,artvin
333,Ешилли,eshilli,Мардин,mardin
334,Дикили,dikili,Измир,izmir
335,Ахлат,ahlat,Битлис,bitlis
336,Ардаган,ardagan,Ардахан,ardahan
337,Юргюп,yurgyup,Невшехир,nevshekhir
338,Чекмедже,chekmedzhe,Хатай,hataj
339,Ташкёпрю,tashkyopryu,Кастамону,kastamonu
340,Зейтинли,zejtinli,Балыкесир,balykesir
341,Эскиль,eskil,Аксарай,aksaraj
342,Мурадие,muradie,Ван,van
343,Эспие,espie,Гиресун,giresun
344,Бозъязы,"boz""yazy",Мерсин,mersin
345,Бигадич,bigadich,Балыкесир,balykesir
346,Кыркагач,kyrkagach,Маниса,manisa
347,Саруханлы,saruhanly,Маниса,manisa
348,Демре,demre,Анталья,antalya
349,Огузели,oguzeli,Газиантеп,gaziantep
350,Кызылпынар,kyzylpynar,Текирдаг,tekirdag
351,Пазар,pazar,Ризе,rize
352,Джиханбейли,dzhihanbejli,Конья,konya
353,Мармараэреглиси,marmaraereglisi,Текирдаг,tekirdag
354,Алтынолук,altynoluk,Балыкесир,balykesir
355,Баназ,banaz,Ушак,ushak
356,Гёреле,gyorele,Гиресун,giresun
357,Булдан,buldan,Денизли,denizli
358,Элмалы,elmaly,Анталья,antalya
359,Араклы,arakly,Трабзон,trabzon
360,Оф,of,Трабзон,trabzon
361,Чалдыран,chaldyran,Ван,van
362,Шемдинли,shemdinli,Хаккяри,hakkyari
363,Денизджилер,denizdzhiler,Хатай,hataj
364,Зекириякёй,zekiriyakyoj,Стамбул,stambul
365,Архави,arhavi,Артвин,artvin
366,Сиде,side,Анталья,antalya
367,Армуталан,armutalan,Мугла,mugla
368,Вакфыкебир,vakfykebir,Трабзон,trabzon
369,Айбасты,ajbasty,Орду,ordu
370,Каракочан,karakochan,Элязыг,elyazyg
371,Обакёй,obakyoj,Анталья,antalya
372,Нарлыджа,narlydzha,Хатай,hataj
373,Тюркоглу,tyurkoglu,Кахраманмараш,kahramanmarash
374,Сольхан,solhan,Бингёль,bingyol
375,Чай,chaj,Афьонкарахисар,afonkarahisar
376,Османели,osmaneli,Биледжик,biledzhik
377,Кадыханы,kadyhany,Конья,konya
378,Пелитли,pelitli,Трабзон,trabzon
379,Сюрмене,syurmene,Трабзон,trabzon
380,Феризли,ferizli,Сакарья,sakarya
381,Келькит,kelkit,Гюмюшхане,gyumyushkhane
382,Шиле,shile,Стамбул,stambul
383,Пасинлер,pasinler,Эрзурум,erzurum
384,Кандыра,kandyra,Коджаэли,kodzhaeli
385,Кагызман,kagyzman,Карс,kars
386,Сушехри,sushekhri,Сивас,sivas
387,Азизие,azizie,Анталья,antalya
388,Сарыгёль,sarygyol,Маниса,manisa
389,Тиреболу,tirebolu,Гиресун,giresun
390,Башкале,bashkale,Ван,van
391,Байрамич,bajramich,Чанаккале,chanakkale
392,Карачулха,karachulha,Мугла,mugla
393,Корган,korgan,Орду,ordu
394,Эшме,eshme,Ушак,ushak
395,Гёльхисар,gyolhisar,Бурдур,burdur
396,Сындыргы,syndyrgy,Балыкесир,balykesir
397,Арсин,arsin,Трабзон,trabzon
398,Ортаклар,ortaklar,Айдын,ajdyn
399,Бахче,bahche,Османие,osmanie
400,Эдремит,edremit,Ван,van
401,Улудере,uludere,Ширнак,shirnak
402,Конаклы,konakly,Анталья,antalya
403,Баля,balya,Анкара,ankara
404,Коджаали,kodzhaali,Сакарья,sakarya
405,Чаглаянджерит,chaglayandzherit,Кахраманмараш,kahramanmarash
406,Герменджик,germendzhik,Айдын,ajdyn
407,Кадынкеди,kadynkedi,Шанлыурфа,shanlyurfa
408,Шарки-Караагач,sharki-karaagach,Ыспарта,ysparta
409,Челебибагы,chelebibagy,Ван,van
410,Бюньян,byunyan,Кайсери,kajseri
411,Чинарджик,chinardzhik,Ялова,yalova
412,Шухут,shuhut,Афьонкарахисар,afonkarahisar
413,Хаджилар,hadzhilar,Кайсери,kajseri
414,Тавас,tavas,Денизли,denizli
415,Муджур,mudzhur,Кыршехир,kyrshekhir
416,Бешикдюзю,beshikdyuzyu,Трабзон,trabzon
417,Кумру,kumru,Орду,ordu
418,Наллыхан,nallyhan,Анкара,ankara
419,Аджипаям,adzhipayam,Денизли,denizli
420,Кынык,kynyk,Измир,izmir
421,Сасон,sason,Батман,batman
422,Визе,vize,Кыркларели,kyrklareli
423,Хаскёй,haskyoj,Муш,mush
424,Финике,finike,Анталья,antalya
425,Доганшехир,doganshekhir,Малатья,malatya
426,Исджехисар,isdzhekhisar,Афьонкарахисар,afonkarahisar
427,Озальп,ozalp,Ван,van
428,Чифтелер,chifteler,Эскишехир,eskishekhir
429,Кузуджулу,kuzudzhulu,Хатай,hataj
430,Тёмюк,tyomyuk,Мерсин,mersin
431,Кючюккёй,kyuchyukkyoj,Балыкесир,balykesir
432,Эзине,ezine,Чанаккале,chanakkale
433,Ташова,tashova,Амасья,amasya
434,Пынархисар,pynarhisar,Кыркларели,kyrklareli
435,Аванос,avanos,Невшехир,nevshekhir
436,Еникёй,enikyoj,Бурса,bursa
437,Каргыпынары,kargypynary,Мерсин,mersin
438,Гёрдес,gyordes,Маниса,manisa
439,Гёлкёй,gyolkyoj,Орду,ordu
440,Зара,zara,Сивас,sivas
441,Умурлу,umurlu,Айдын,ajdyn
442,Ондокузмайыс,ondokuzmajys,Самсун,samsun
443,Герзе,gerze,Синоп,sinop
444,Датча,datcha,Мугла,mugla
445,Пынарбаши,pynarbashi,Кайсери,kajseri
446,Чинар,chinar,Диярбакыр,diyarbakyr
447,Аянджик,ayandzhik,Синоп,sinop
448,Лидже,lidzhe,Диярбакыр,diyarbakyr
449,Алачам,alacham,Самсун,samsun
450,Серинхисар,serinhisar,Денизли,denizli
451,Ялыкавак,yalykavak,Мугла,mugla
452,Йомра,jomra,Трабзон,trabzon
453,Ешилькёй,eshilkyoj,Хатай,hataj
454,Хавран,havran,Балыкесир,balykesir
455,Чукурджа,chukurdzha,Хаккяри,hakkyari
456,Бозова,bozova,Шанлыурфа,shanlyurfa
457,Лапсеки,lapseki,Чанаккале,chanakkale
458,Алтынова,altynova,Балыкесир,balykesir
459,Эмет,emet,Кютахья,kyutahya
460,Акчай,akchaj,Балыкесир,balykesir
461,Дивриги,divrigi,Сивас,sivas
462,Давутлар,davutlar,Айдын,ajdyn
463,Караагач,karaagach,Эдирне,edirne
464,Деринкую,derinkuyu,Невшехир,nevshekhir
465,Чекерек,chekerek,Йозгат,jozgat
466,Эрменек,ermenek,Караман,karaman
467,Борчка,borchka,Артвин,artvin
468,Мазыдагы,mazydagy,Мардин,mardin
469,Алачаты,alachaty,Измир,izmir
470,Кескин,keskin,Кырыккале,kyrykkale
471,Ахметли,ahmetli,Маниса,manisa
472,Шефаатли,shefaatli,Йозгат,jozgat
473,Чамаш,chamash,Орду,ordu
474,Хаймана,hajmana,Анкара,ankara
475,Баят,bayat,Чорум,chorum
476,Бююкёнджали,byuyukyondzhali,Текирдаг,tekirdag
477,Томарза,tomarza,Кайсери,kajseri
478,Султанханы,sultanhany,Аксарай,aksaraj
479,Кепез,kepez,Чанаккале,chanakkale
480,Тунчбилек,tunchbilek,Кютахья,kyutahya
481,Адильджеваз,adildzhevaz,Битлис,bitlis
482,Боздоган,bozdogan,Айдын,ajdyn
483,Геваш,gevash,Ван,van
484,Гелинкая,gelinkaya,Мардин,mardin
485,Ашкале,ashkale,Эрзурум,erzurum
486,Кангал,kangal,Сивас,sivas
487,Тургутальп,turgutalp,Маниса,manisa
488,Кёшк,kyoshk,Айдын,ajdyn
489,Яхшихан,yahshihan,Кырыккале,kyrykkale
490,Джикджилли,dzhikdzhilli,Анталья,antalya
491,Аяш,ayash,Анкара,ankara
492,Аджарлар,adzharlar,Айдын,ajdyn
493,Позанты,pozanty,Адана,adana
494,Енидже,enidzhe,Карабюк,karabyuk
495,Сиврихисар,sivrihisar,Эскишехир,eskishekhir
496,Эрух,eruh,Сиирт,siirt
497,Гёльмармара,gyolmarmara,Маниса,manisa
498,Кульп,kulp,Диярбакыр,diyarbakyr
499,Сёгют,syogyut,Биледжик,biledzhik
500,Ташуджу,tashudzhu,Мерсин,mersin
501,Одабашы,odabashy,Хатай,hataj
502,Фындыклы,fyndykly,Ризе,rize
503,Першембе,pershembe,Орду,ordu
504,Гёльяка,gyolyaka,Дюздже,dyuzdzhe
505,Шебинкарахисар,shebinkarahisar,Гиресун,giresun
506,Арабан,araban,Газиантеп,gaziantep
507,Хасса,hassa,Хатай,hataj
508,Акчадаг,akchadag,Малатья,malatya
509,Саваштепе,savashtepe,Балыкесир,balykesir
510,Кайнашлы,kajnashly,Дюздже,dyuzdzhe
511,Карайилан,karajilan,Хатай,hataj
512,Решадийе,reshadije,Токат,tokat
513,Хизан,hizan,Битлис,bitlis
514,Сараёню,sarayonyu,Конья,konya
515,Хани,hani,Диярбакыр,diyarbakyr
516,Палу,palu,Элязыг,elyazyg
517,Инеболу,inebolu,Кастамону,kastamonu
518,Хоназ,honaz,Денизли,denizli
519,Гюрюн,gyuryun,Сивас,sivas
520,Бешири,beshiri,Батман,batman
521,Юнак,yunak,Конья,konya
522,Ешилхисар,eshilhisar,Кайсери,kajseri
523,Авсаллар,avsallar,Анталья,antalya
524,Йылдызели,jyldyzeli,Сивас,sivas
525,Варто,varto,Муш,mush
526,Мавикент,mavikent,Анталья,antalya
527,Халфети,halfeti,Шанлыурфа,shanlyurfa
528,Пертек,pertek,Тунджели,tundzheli
529,Кючюкдалян,kyuchyukdalyan,Хатай,hataj
530,Черкеш,cherkesh,Чанкыры,chankyry
531,Языконак,yazykonak,Элязыг,elyazyg
532,Акбез,akbez,Хатай,hataj
533,Карачобан,karachoban,Эрзурум,erzurum
534,Чаталагзи,chatalagzi,Зонгулдак,zonguldak
535,Текебаши,tekebashi,Хатай,hataj
536,Каледжик,kaledzhik,Анкара,ankara
537,Караташ,karatash,Адана,adana
538,Конаджик,konadzhik,Мугла,mugla
539,Хыныс,hynys,Эрзурум,erzurum
540,Ипсала,ipsala,Эдирне,edirne
541,Чобанлар,chobanlar,Афьонкарахисар,afonkarahisar
542,Хавса,havsa,Эдирне,edirne
543,Якынджа,yakyndzha,Малатья,malatya
544,Беёглу,beyoglu,Кахраманмараш,kahramanmarash
545,Чайырхан,chajyrhan,Анкара,ankara
546,Сахилькент,sahilkent,Анталья,antalya
547,Гюльшехир,gyulshekhir,Невшехир,nevshekhir
548,Даренде,darende,Малатья,malatya
549,Ладик,ladik,Самсун,samsun
550,Кору,koru,Ялова,yalova
551,Кестел,kestel,Анталья,antalya
552,Элешкирт,eleshkirt,Агры,agry
553,Султанкёй,sultankyoj,Текирдаг,tekirdag
554,Дилек,dilek,Малатья,malatya
555,Еничифтлик,enichiftlik,Текирдаг,tekirdag
556,Турунчова,turunchova,Анталья,antalya
557,Гёзджюлер,gyozdzhyuler,Хатай,hataj
558,Сарылар,sarylar,Анталья,antalya
559,Кёйджегиз,kyojdzhegiz,Мугла,mugla
560,Эйнесил,ejnesil,Гиресун,giresun
561,Ладик,ladik,Конья,konya
562,Айдынджик,ajdyndzhik,Мерсин,mersin
563,Тузлуджа,tuzludzha,Ыгдыр,ygdyr
564,Челикхан,chelikkhan,Адыяман,adyyaman
565,Сёгютлю,syogyutlyu,Трабзон,trabzon
566,Кираз,kiraz,Измир,izmir
567,Кабала,kabala,Мардин,mardin
568,Диджле,didzhle,Диярбакыр,diyarbakyr
569,Енидже,enidzhe,Мерсин,mersin
570,Топраккале,toprakkale,Османие,osmanie
571,Ешильюрт,eshilyurt,Малатья,malatya
572,Сёгютлю,syogyutlyu,Сакарья,sakarya
573,Юртбаши,yurtbashi,Элязыг,elyazyg
574,Бостанбаши,bostanbashi,Малатья,malatya
575,Ениджеоба,enidzheoba,Конья,konya
576,Савур,savur,Мардин,mardin
577,Кале,kale,Денизли,denizli
578,Савуджа,savudzha,Айдын,ajdyn
579,Андырын,andyryn,Кахраманмараш,kahramanmarash
580,Кешап,keshap,Гиресун,giresun
581,Хекимхан,hekimhan,Малатья,malatya
582,Исмил,ismil,Конья,konya
583,Енидже,enidzhe,Анкара,ankara
584,Нарлы,narly,Кахраманмараш,kahramanmarash
585,Куюджак,kuyudzhak,Айдын,ajdyn
586,Гюргентепе,gyurgentepe,Орду,ordu
587,Чилимли,chilimli,Дюздже,dyuzdzhe
588,Орханели,orhaneli,Бурса,bursa
589,Белдиби,beldibi,Мугла,mugla
590,Гёле,gyole,Ардахан,ardahan
591,Актепе,aktepe,Хатай,hataj
592,Айваджык,ajvadzhyk,Чанаккале,chanakkale
593,Чайыралан,chajyralan,Йозгат,jozgat
594,Бозкыр,bozkyr,Конья,konya
595,Карапюрчек,karapyurchek,Сакарья,sakarya
596,Сарайкент,sarajkent,Йозгат,jozgat
597,Тонья,tonya,Трабзон,trabzon
598,Кавак,kavak,Самсун,samsun
599,Кечиборлу,kechiborlu,Ыспарта,ysparta
600,Чолаклы,cholakly,Анталья,antalya
601,Оваэмир,ovaemir,Айдын,ajdyn
602,Ичеричумра,icherichumra,Конья,konya
603,Мачка,machka,Трабзон,trabzon
604,Битез,bitez,Мугла,mugla
605,Яглыдере,yaglydere,Гиресун,giresun
606,Чаршибаши,charshibashi,Трабзон,trabzon
607,Дураган,duragan,Синоп,sinop
608,Козаклы,kozakly,Невшехир,nevshekhir
609,Пиразиз,piraziz,Гиресун,giresun
610,Бекбеле,bekbele,Хатай,hataj
611,Шекероба,shekeroba,Кахраманмараш,kahramanmarash
612,Арыташ,arytash,Кахраманмараш,kahramanmarash
613,Атча,atcha,Айдын,ajdyn
614,Гёкчебей,gyokchebej,Зонгулдак,zonguldak
615,Улукышла,ulukyshla,Нигде,nigde
616,Гюлюч,gyulyuch,Зонгулдак,zonguldak
617,Алтынова,altynova,Ялова,yalova
618,Сакчагёзе,sakchagyoze,Газиантеп,gaziantep
619,Атаюрт,atayurt,Мерсин,mersin
620,Ышыклар,yshyklar,Афьонкарахисар,afonkarahisar
621,Карайсалы,karajsaly,Адана,adana
622,Улуборлу,uluborlu,Ыспарта,ysparta
623,Гёйнюк,gyojnyuk,Анталья,antalya
624,Ылгаз,ylgaz,Чанкыры,chankyry
625,Атакент,atakent,Мерсин,mersin
626,Чичекдагы,chichekdagy,Кыршехир,kyrshekhir
627,Гёкче,gyokche,Мардин,mardin
628,Бухаркент,buharkent,Айдын,ajdyn
629,Велимеше,velimeshe,Текирдаг,tekirdag
630,Ширан,shiran,Гюмюшхане,gyumyushkhane